EDAD,GENERO,NV_ESTUDIO,ESTUDIO_PREV,AVG_DH,MINUTES_DH,EXPERIENCIA,target
43.0,MASCULINO,POST_GRADUATE,ENGINEERING,3.8,4557.9,,91.170044
42.0,FEMENINO,UNIVERSITARY,COMMERCIAL,3.5,4656.2,25.6,101.44338
35.0,FEMENINO,UNIVERSITARY,DEVELOPMENT,4.0,4695.2,19.0,97.46469
35.0,,TERTIARY,DEVELOPMENT,4.1,4778.2,18.4,93.20426
36.0,MASCULINO,POST_GRADUATE,COMMERCIAL,4.0,4722.3,19.1,87.335556
26.0,MASCULINO,,ENGINEERING,3.7,,2.7,83.78201
20.0,MASCULINO,POST_GRADUATE,ENGINEERING,3.6,,0.5,82.663025
37.0,FEMENINO,POST_GRADUATE,MARKETING,3.3,4349.0,21.5,102.2664
37.0,FEMENINO,,DEVELOPMENT,3.2,4368.1,21.6,99.48553
,,UNIVERSITARY,ENGINEERING,3.7,4711.8,26.0,93.07039
33.0,FEMENINO,UNIVERSITARY,ENGINEERING,3.1,,14.4,95.8221
35.0,FEMENINO,TERTIARY,ENGINEERING,4.0,4757.6,18.5,98.668526
34.0,FEMENINO,TERTIARY,ENGINEERING,3.0,,15.8,99.101295
35.0,MASCULINO,TERTIARY,ENGINEERING,,4664.7,18.0,88.91798
35.0,,TERTIARY,ENGINEERING,3.1,4046.1,,92.99919
38.0,MASCULINO,UNIVERSITARY,ENGINEERING,3.1,4067.8,23.4,89.25844
34.0,FEMENINO,POST_GRADUATE,DEVELOPMENT,4.2,4863.2,15.5,96.290825
,MASCULINO,UNIVERSITARY,MARKETING,3.3,,,90.267235
31.0,FEMENINO,TERTIARY,DEVELOPMENT,3.5,4573.7,10.5,97.61595
35.0,FEMENINO,POST_GRADUATE,ENGINEERING,3.3,4506.1,17.5,96.16314
40.0,FEMENINO,POST_GRADUATE,BUSINESS,3.7,4643.5,25.9,103.84544
,MASCULINO,UNIVERSITARY,,3.1,4051.1,26.6,91.85941
41.0,MASCULINO,,COMMERCIAL,3.4,4632.6,28.1,91.918274
32.0,MASCULINO,POST_GRADUATE,ENGINEERING,3.9,4722.8,12.8,84.12443
37.0,FEMENINO,UNIVERSITARY,MARKETING,3.4,4513.3,19.8,102.50379
,FEMENINO,UNIVERSITARY,ENGINEERING,3.4,,,95.889244
42.0,MASCULINO,TERTIARY,COMMERCIAL,3.6,4553.8,27.9,94.08187
,MASCULINO,UNIVERSITARY,,,3570.7,9.7,85.26535
32.0,MASCULINO,UNIVERSITARY,ENGINEERING,3.6,,13.5,84.75265
24.0,FEMENINO,POST_GRADUATE,COMMERCIAL,3.5,4506.9,4.0,93.92962
,MASCULINO,UNIVERSITARY,ENGINEERING,4.2,4914.4,17.6,86.53068
30.0,FEMENINO,UNIVERSITARY,ENGINEERING,4.0,4695.5,10.8,93.79395
36.0,FEMENINO,,ENGINEERING,3.0,3834.3,20.1,98.237785
,FEMENINO,UNIVERSITARY,,3.3,,11.2,95.0115
38.0,MASCULINO,UNIVERSITARY,MARKETING,3.3,4461.9,22.7,93.02513
40.0,,UNIVERSITARY,,3.2,4241.0,,93.83837
,FEMENINO,,ENGINEERING,3.4,,23.0,99.348335
41.0,FEMENINO,UNIVERSITARY,,3.5,4550.4,26.7,101.19951
,,UNIVERSITARY,COMMERCIAL,3.5,4611.6,7.0,87.311104
,MASCULINO,UNIVERSITARY,COMMERCIAL,,4601.1,9.7,84.660446
42.0,MASCULINO,POST_GRADUATE,DEVELOPMENT,,3198.1,27.2,93.22514
39.0,MASCULINO,UNIVERSITARY,COMMERCIAL,,,24.5,90.0983
,FEMENINO,,DEVELOPMENT,4.0,4802.2,7.9,95.40464
30.0,,UNIVERSITARY,DEVELOPMENT,4.3,5056.6,,88.28827
,FEMENINO,UNIVERSITARY,COMMERCIAL,3.8,4716.5,19.8,98.746956
,MASCULINO,UNIVERSITARY,,4.5,5754.9,28.1,92.03199
,,TERTIARY,DEVELOPMENT,3.1,4103.2,4.6,90.747116
40.0,MASCULINO,POST_GRADUATE,ENGINEERING,3.2,4392.6,24.4,89.52752
34.0,FEMENINO,,COMMERCIAL,3.8,,15.7,96.867546
38.0,MASCULINO,UNIVERSITARY,ENGINEERING,3.6,,21.4,88.66782
30.0,MASCULINO,UNIVERSITARY,ENGINEERING,3.8,4639.0,,83.94889
29.0,MASCULINO,TERTIARY,ENGINEERING,4.0,4626.2,,86.47744
38.0,MASCULINO,,ENGINEERING,4.1,4791.7,22.6,88.85866
36.0,MASCULINO,TERTIARY,,3.5,4576.4,20.8,90.029625
30.0,MASCULINO,POST_GRADUATE,DEVELOPMENT,3.8,4661.1,9.4,84.6078
34.0,MASCULINO,,,3.3,4387.5,16.6,87.25462
27.0,,,ENGINEERING,3.7,4700.9,5.6,86.71529
37.0,MASCULINO,UNIVERSITARY,ENGINEERING,3.6,4689.1,20.2,87.724304
32.0,,UNIVERSITARY,COMMERCIAL,3.0,3780.3,,89.25418
43.0,FEMENINO,UNIVERSITARY,MARKETING,3.0,3829.8,27.9,105.33714
,MASCULINO,UNIVERSITARY,COMMERCIAL,3.4,,19.8,88.07571
33.0,FEMENINO,POST_GRADUATE,ENGINEERING,,3857.0,,95.57129
,FEMENINO,,ENGINEERING,,2933.2,,98.6847
28.0,FEMENINO,POST_GRADUATE,,3.3,4537.2,7.2,93.90832
38.0,FEMENINO,UNIVERSITARY,BUSINESS,3.1,4197.5,23.4,103.23739
25.0,MASCULINO,POST_GRADUATE,ENGINEERING,3.2,,2.5,83.35407
29.0,MASCULINO,,MARKETING,3.5,4584.6,9.3,88.758064
27.0,MASCULINO,UNIVERSITARY,DEVELOPMENT,3.3,4524.9,6.5,85.012184
31.0,MASCULINO,TERTIARY,COMMERCIAL,3.2,4243.0,,88.37784
39.0,MASCULINO,POST_GRADUATE,ENGINEERING,4.2,4963.9,23.8,88.69667
29.0,MASCULINO,UNIVERSITARY,MARKETING,3.4,4578.2,7.6,88.49309
30.0,MASCULINO,UNIVERSITARY,MARKETING,3.2,4348.6,8.9,88.5334
25.0,MASCULINO,UNIVERSITARY,BUSINESS,,4649.5,3.2,87.80212
27.0,MASCULINO,POST_GRADUATE,COMMERCIAL,,,4.3,84.0872
33.0,MASCULINO,TERTIARY,ENGINEERING,3.2,4277.1,15.9,88.21646
46.0,MASCULINO,POST_GRADUATE,ENGINEERING,2.5,2023.2,29.8,95.068665
37.0,MASCULINO,,COMMERCIAL,3.9,4672.7,,88.826805
37.0,FEMENINO,POST_GRADUATE,ENGINEERING,3.7,4633.9,,97.75533
38.0,FEMENINO,,ENGINEERING,3.8,4571.6,,98.92127
33.0,MASCULINO,UNIVERSITARY,DEVELOPMENT,4.0,,15.9,86.44573
,FEMENINO,UNIVERSITARY,COMMERCIAL,3.6,4740.8,23.5,99.78917
35.0,FEMENINO,POST_GRADUATE,,,,17.9,96.848434
36.0,MASCULINO,UNIVERSITARY,,3.3,4422.6,17.7,87.94797
35.0,MASCULINO,,DEVELOPMENT,3.5,4618.8,,88.09092
34.0,MASCULINO,,DEVELOPMENT,3.2,4402.5,,87.80458
25.0,MASCULINO,UNIVERSITARY,,3.3,4415.6,3.3,84.61875
43.0,MASCULINO,UNIVERSITARY,COMMERCIAL,,3958.2,28.5,92.69193
34.0,FEMENINO,TERTIARY,ENGINEERING,3.6,,16.1,98.479294
27.0,MASCULINO,UNIVERSITARY,COMMERCIAL,2.9,3482.3,4.6,85.2853
30.0,MASCULINO,UNIVERSITARY,ENGINEERING,3.3,4521.0,10.4,83.995
38.0,FEMENINO,POST_GRADUATE,ENGINEERING,3.5,4700.0,21.5,98.364204
34.0,FEMENINO,TERTIARY,DEVELOPMENT,3.7,4562.5,16.4,99.56192
23.0,MASCULINO,UNIVERSITARY,BUSINESS,,5036.4,2.2,87.708595
28.0,MASCULINO,TERTIARY,DEVELOPMENT,3.3,4460.2,7.5,87.7604
41.0,FEMENINO,,ENGINEERING,,,26.6,100.83131
35.0,,POST_GRADUATE,,3.1,4110.3,17.5,90.90701
33.0,MASCULINO,TERTIARY,ENGINEERING,3.4,4487.2,14.4,88.03528
31.0,MASCULINO,UNIVERSITARY,,3.3,4525.6,12.6,85.428665
38.0,MASCULINO,UNIVERSITARY,MARKETING,3.0,3882.9,,92.876976
34.0,MASCULINO,UNIVERSITARY,ENGINEERING,,4465.7,15.6,86.15238
37.0,MASCULINO,UNIVERSITARY,,3.8,4691.5,,88.463104
,FEMENINO,POST_GRADUATE,DEVELOPMENT,3.3,4434.0,1.9,94.48634
33.0,MASCULINO,UNIVERSITARY,ENGINEERING,3.8,4610.1,13.7,85.287094
,MASCULINO,TERTIARY,DEVELOPMENT,3.6,4699.0,12.8,88.34017
33.0,MASCULINO,POST_GRADUATE,ENGINEERING,,,,84.87941
37.0,MASCULINO,UNIVERSITARY,DEVELOPMENT,3.8,4751.3,22.0,89.520935
32.0,FEMENINO,UNIVERSITARY,ENGINEERING,3.3,4413.7,13.4,95.082886
35.0,FEMENINO,UNIVERSITARY,,3.6,,18.3,97.12736
30.0,,UNIVERSITARY,DEVELOPMENT,,4674.9,9.0,88.21074
33.0,MASCULINO,UNIVERSITARY,COMMERCIAL,3.4,4479.7,,86.12979
30.0,FEMENINO,POST_GRADUATE,ENGINEERING,3.0,3838.1,,94.26975
37.0,FEMENINO,POST_GRADUATE,ENGINEERING,3.4,4473.6,21.2,97.77063
39.0,MASCULINO,TERTIARY,DEVELOPMENT,2.7,2956.2,23.2,94.05714
33.0,FEMENINO,TERTIARY,ENGINEERING,3.7,4634.5,13.6,97.92239
31.0,MASCULINO,POST_GRADUATE,,3.3,4414.0,10.2,85.10941
37.0,FEMENINO,UNIVERSITARY,ENGINEERING,3.2,,20.9,98.399734
27.0,FEMENINO,POST_GRADUATE,DEVELOPMENT,,4242.7,6.7,94.55486
29.0,MASCULINO,UNIVERSITARY,COMMERCIAL,3.5,4665.5,8.7,84.55409
40.0,MASCULINO,POST_GRADUATE,BUSINESS,2.9,3497.1,,94.18261
24.0,,UNIVERSITARY,DEVELOPMENT,4.3,5142.6,0.9,87.50909
39.0,FEMENINO,UNIVERSITARY,ENGINEERING,3.2,4293.5,23.0,99.02724
28.0,,,,3.5,4685.0,7.2,87.12869
,MASCULINO,UNIVERSITARY,,3.2,4358.3,14.3,86.1413
37.0,MASCULINO,UNIVERSITARY,ENGINEERING,3.1,4204.1,21.6,88.49653
32.0,MASCULINO,UNIVERSITARY,ENGINEERING,4.2,5020.9,13.9,84.50811
33.0,FEMENINO,UNIVERSITARY,DEVELOPMENT,3.5,,15.5,96.4727
34.0,FEMENINO,UNIVERSITARY,ENGINEERING,3.6,4578.6,15.9,95.80828
34.0,MASCULINO,UNIVERSITARY,ENGINEERING,3.9,4658.0,17.5,86.06007
38.0,FEMENINO,POST_GRADUATE,ENGINEERING,2.8,3256.1,21.7,99.26385
24.0,MASCULINO,UNIVERSITARY,ENGINEERING,3.6,,1.5,83.19515
40.0,,POST_GRADUATE,ENGINEERING,3.9,4769.5,24.5,92.42182
33.0,MASCULINO,UNIVERSITARY,,3.3,4402.0,14.5,86.1413
,MASCULINO,TERTIARY,ENGINEERING,3.7,,,88.3772
30.0,FEMENINO,UNIVERSITARY,COMMERCIAL,3.7,,10.4,94.81047
27.0,MASCULINO,,DEVELOPMENT,3.5,4609.2,5.5,85.005615
35.0,MASCULINO,UNIVERSITARY,DEVELOPMENT,,4853.7,17.4,87.85692
34.0,MASCULINO,UNIVERSITARY,,,4465.2,,86.92562
,MASCULINO,POST_GRADUATE,COMMERCIAL,4.0,4679.6,13.8,85.29299
31.0,FEMENINO,UNIVERSITARY,ENGINEERING,3.9,,10.6,94.32466
47.0,MASCULINO,UNIVERSITARY,,3.7,4611.7,30.3,92.51247
,MASCULINO,POST_GRADUATE,ENGINEERING,3.1,4073.1,,86.10266
39.0,MASCULINO,TERTIARY,,3.4,4578.0,,92.304985
37.0,MASCULINO,,COMMERCIAL,,,21.3,89.05802
33.0,,UNIVERSITARY,MARKETING,3.2,4212.4,,92.13052
27.0,FEMENINO,TERTIARY,,,3583.7,4.2,97.524704
,,POST_GRADUATE,ENGINEERING,3.9,4645.2,10.4,86.68276
33.0,MASCULINO,UNIVERSITARY,ENGINEERING,3.4,4541.8,15.9,85.18074
38.0,FEMENINO,UNIVERSITARY,,,1662.1,,101.64898
32.0,FEMENINO,TERTIARY,ENGINEERING,4.2,5032.0,13.3,97.09124
30.0,,,DEVELOPMENT,3.5,4585.5,9.4,88.350105
,MASCULINO,UNIVERSITARY,DEVELOPMENT,3.3,4443.2,10.6,85.284996
36.0,FEMENINO,UNIVERSITARY,COMMERCIAL,3.5,4566.1,18.7,97.658966
41.0,MASCULINO,,ENGINEERING,3.4,4578.6,25.8,90.63566
33.0,MASCULINO,UNIVERSITARY,ENGINEERING,3.6,4680.8,15.7,85.287094
39.0,FEMENINO,TERTIARY,BUSINESS,3.7,,24.4,106.42829
31.0,MASCULINO,TERTIARY,ENGINEERING,3.7,,12.5,87.20567
,MASCULINO,,DEVELOPMENT,3.8,4695.1,22.4,90.52172
34.0,MASCULINO,UNIVERSITARY,COMMERCIAL,4.1,4757.1,,86.7845
36.0,FEMENINO,UNIVERSITARY,COMMERCIAL,3.5,4552.5,17.9,97.658966
,MASCULINO,UNIVERSITARY,COMMERCIAL,3.6,4651.0,12.3,85.452614
31.0,MASCULINO,TERTIARY,DEVELOPMENT,4.3,5167.5,10.0,88.48654
32.0,,,DEVELOPMENT,3.6,4679.4,,89.70901
33.0,MASCULINO,POST_GRADUATE,COMMERCIAL,4.2,4948.7,14.0,85.25681
33.0,MASCULINO,UNIVERSITARY,ENGINEERING,,4515.2,13.8,85.333206
39.0,FEMENINO,UNIVERSITARY,ENGINEERING,3.2,4252.9,23.1,99.10747
,,POST_GRADUATE,DEVELOPMENT,3.0,3924.9,18.4,90.53903
28.0,MASCULINO,TERTIARY,ENGINEERING,3.1,4173.9,8.6,86.48608
34.0,MASCULINO,POST_GRADUATE,DEVELOPMENT,3.4,4568.0,,86.65224
34.0,FEMENINO,POST_GRADUATE,COMMERCIAL,3.2,4231.6,16.4,96.24615
32.0,,TERTIARY,COMMERCIAL,3.0,3773.3,,91.54955
28.0,MASCULINO,,ENGINEERING,3.7,4615.5,7.3,83.828995
33.0,,POST_GRADUATE,DEVELOPMENT,3.8,,14.6,89.223625
37.0,MASCULINO,UNIVERSITARY,,4.5,,22.3,88.81618
31.0,MASCULINO,UNIVERSITARY,ENGINEERING,3.7,4606.7,10.8,84.609314
34.0,MASCULINO,POST_GRADUATE,DEVELOPMENT,,4378.9,16.8,86.89058
29.0,MASCULINO,UNIVERSITARY,DEVELOPMENT,3.1,4095.5,,85.618324
40.0,FEMENINO,UNIVERSITARY,ENGINEERING,3.1,4055.2,25.3,100.35521
35.0,,UNIVERSITARY,DEVELOPMENT,,4670.5,18.1,91.008446
35.0,FEMENINO,UNIVERSITARY,ENGINEERING,3.9,4579.1,19.0,96.41254
31.0,,UNIVERSITARY,DEVELOPMENT,4.0,4777.7,12.0,88.642944
42.0,MASCULINO,UNIVERSITARY,,3.2,4314.7,25.7,91.73991
33.0,FEMENINO,UNIVERSITARY,COMMERCIAL,4.1,4894.4,14.0,95.90822
27.0,FEMENINO,TERTIARY,DEVELOPMENT,3.1,4080.0,3.9,97.8747
28.0,MASCULINO,UNIVERSITARY,ENGINEERING,3.8,4566.7,,83.56402
36.0,MASCULINO,UNIVERSITARY,ENGINEERING,3.7,4625.1,19.1,87.11255
31.0,FEMENINO,UNIVERSITARY,MARKETING,3.5,4686.8,,98.77022
25.0,FEMENINO,UNIVERSITARY,ENGINEERING,4.1,4783.8,4.2,93.09744
36.0,FEMENINO,POST_GRADUATE,ENGINEERING,,,19.7,97.00299
33.0,MASCULINO,UNIVERSITARY,DEVELOPMENT,3.8,4712.5,15.7,86.51358
47.0,MASCULINO,UNIVERSITARY,,,4054.8,,92.63421
36.0,,TERTIARY,ENGINEERING,2.9,3618.5,20.0,92.93598
35.0,MASCULINO,UNIVERSITARY,DEVELOPMENT,3.2,4370.2,18.7,87.95354
29.0,MASCULINO,UNIVERSITARY,DEVELOPMENT,3.7,4672.1,10.0,85.140854
30.0,MASCULINO,UNIVERSITARY,BUSINESS,4.1,4870.9,11.2,87.99175
36.0,MASCULINO,,BUSINESS,,,,91.55726
35.0,,POST_GRADUATE,,3.8,,18.6,90.082115
31.0,MASCULINO,UNIVERSITARY,ENGINEERING,3.1,,11.0,84.967705
,MASCULINO,POST_GRADUATE,ENGINEERING,3.2,4373.4,26.3,90.11379
26.0,MASCULINO,UNIVERSITARY,ENGINEERING,3.5,4525.8,4.2,83.56315
,FEMENINO,UNIVERSITARY,ENGINEERING,3.1,4149.3,23.5,99.30385
34.0,MASCULINO,UNIVERSITARY,,3.5,4550.6,,86.72265
34.0,MASCULINO,TERTIARY,COMMERCIAL,3.7,4675.3,15.6,89.25422
34.0,MASCULINO,UNIVERSITARY,COMMERCIAL,3.4,4597.9,18.1,86.69979
,,UNIVERSITARY,COMMERCIAL,3.0,,8.5,88.43474
33.0,MASCULINO,UNIVERSITARY,DEVELOPMENT,3.7,,14.3,86.51358
43.0,MASCULINO,UNIVERSITARY,,3.6,4607.4,,92.35057
,FEMENINO,,COMMERCIAL,3.5,4566.4,,96.868965
,MASCULINO,UNIVERSITARY,COMMERCIAL,3.3,4470.8,25.7,91.129715
36.0,MASCULINO,TERTIARY,ENGINEERING,4.2,4999.1,20.6,89.18949
35.0,MASCULINO,UNIVERSITARY,ENGINEERING,4.7,6359.0,,86.24401
38.0,MASCULINO,,BUSINESS,3.8,4733.8,21.3,92.45546
,MASCULINO,UNIVERSITARY,DEVELOPMENT,3.3,,3.2,85.21056
43.0,MASCULINO,POST_GRADUATE,DEVELOPMENT,3.3,,27.5,92.46556
,FEMENINO,UNIVERSITARY,,3.1,,19.8,99.330765
35.0,MASCULINO,TERTIARY,MARKETING,3.2,4233.0,19.2,93.41786
38.0,FEMENINO,,ENGINEERING,3.6,4653.7,22.0,98.92127
29.0,FEMENINO,UNIVERSITARY,ENGINEERING,,,7.1,94.59199
34.0,MASCULINO,,,4.1,4716.0,16.7,87.055305
32.0,MASCULINO,POST_GRADUATE,ENGINEERING,3.7,4584.8,13.0,84.18136
44.0,,UNIVERSITARY,,3.2,4371.8,27.5,95.016624
35.0,MASCULINO,UNIVERSITARY,ENGINEERING,3.7,4692.6,18.4,86.63043
30.0,MASCULINO,UNIVERSITARY,COMMERCIAL,3.5,4625.2,10.1,84.55409
25.0,FEMENINO,POST_GRADUATE,,3.5,4595.5,,93.7824
,MASCULINO,UNIVERSITARY,,4.1,4882.3,21.7,89.33267
32.0,,UNIVERSITARY,ENGINEERING,3.3,,,88.47964
39.0,MASCULINO,,DEVELOPMENT,3.7,4576.4,24.1,90.840294
16.0,FEMENINO,TERTIARY,DEVELOPMENT,3.2,4287.1,0.4,97.3106
30.0,,TERTIARY,COMMERCIAL,4.3,5149.3,8.7,90.340294
,MASCULINO,TERTIARY,ENGINEERING,3.8,4567.7,11.8,87.156944
,,UNIVERSITARY,BUSINESS,3.5,4697.1,,93.623634
32.0,,UNIVERSITARY,DEVELOPMENT,3.7,4647.9,13.8,89.41587
40.0,MASCULINO,UNIVERSITARY,ENGINEERING,,2791.3,24.9,91.84326
,MASCULINO,UNIVERSITARY,ENGINEERING,,4697.0,20.9,88.34034
40.0,MASCULINO,UNIVERSITARY,DEVELOPMENT,3.4,4539.0,26.9,91.00675
35.0,FEMENINO,UNIVERSITARY,ENGINEERING,3.4,4500.4,18.6,96.45865
32.0,MASCULINO,TERTIARY,DEVELOPMENT,,,13.7,88.73526
39.0,MASCULINO,UNIVERSITARY,ENGINEERING,3.4,,23.1,89.070915
32.0,MASCULINO,TERTIARY,,,4712.0,11.8,87.987206
,MASCULINO,TERTIARY,,,4225.6,4.2,87.64989
38.0,MASCULINO,,MARKETING,3.5,4517.1,23.4,93.82944
,,,COMMERCIAL,4.2,4985.2,13.9,89.89519
29.0,FEMENINO,UNIVERSITARY,ENGINEERING,3.2,4258.9,9.3,94.16796
26.0,MASCULINO,POST_GRADUATE,COMMERCIAL,3.5,4600.9,5.5,83.72718
34.0,MASCULINO,UNIVERSITARY,ENGINEERING,,5016.7,15.4,86.10627
43.0,MASCULINO,,DEVELOPMENT,4.2,4887.8,27.6,92.89388
,MASCULINO,TERTIARY,,3.2,4384.1,,89.26056
29.0,FEMENINO,UNIVERSITARY,,4.2,,9.3,94.70578
39.0,FEMENINO,POST_GRADUATE,,3.2,4221.0,24.7,99.54156
29.0,,UNIVERSITARY,DEVELOPMENT,3.0,3962.3,,88.78776
26.0,MASCULINO,,DEVELOPMENT,3.6,4573.1,3.2,85.11197
35.0,MASCULINO,UNIVERSITARY,,2.5,2151.9,18.0,89.68237
30.0,FEMENINO,UNIVERSITARY,COMMERCIAL,4.0,4789.4,10.8,94.673225
32.0,MASCULINO,UNIVERSITARY,COMMERCIAL,,4658.9,11.4,85.452614
32.0,MASCULINO,POST_GRADUATE,MARKETING,4.1,4788.9,13.6,88.508316
35.0,,UNIVERSITARY,ENGINEERING,,4476.8,19.3,90.00925
28.0,,TERTIARY,COMMERCIAL,3.4,4501.9,5.9,89.911285
34.0,MASCULINO,UNIVERSITARY,ENGINEERING,3.1,4029.6,16.5,86.51648
28.0,MASCULINO,UNIVERSITARY,ENGINEERING,,3860.1,8.7,83.82452
27.0,MASCULINO,TERTIARY,COMMERCIAL,3.8,4751.1,5.1,87.08725
41.0,FEMENINO,,ENGINEERING,4.5,5602.3,26.7,99.892365
31.0,FEMENINO,UNIVERSITARY,ENGINEERING,3.9,4669.8,11.3,94.32466
35.0,MASCULINO,UNIVERSITARY,,2.6,2568.8,17.4,89.68237
34.0,MASCULINO,UNIVERSITARY,DEVELOPMENT,,4556.6,16.3,87.1802
42.0,MASCULINO,UNIVERSITARY,ENGINEERING,2.5,2024.0,26.8,93.97792
24.0,,POST_GRADUATE,ENGINEERING,3.7,4616.6,,85.75516
27.0,MASCULINO,TERTIARY,BUSINESS,3.9,4609.4,5.4,89.70982
29.0,MASCULINO,UNIVERSITARY,BUSINESS,,4256.2,9.0,87.9768
30.0,MASCULINO,POST_GRADUATE,COMMERCIAL,3.8,4559.2,9.6,84.17412
33.0,FEMENINO,UNIVERSITARY,DEVELOPMENT,3.9,,15.6,96.34123
,,UNIVERSITARY,COMMERCIAL,3.5,4553.4,8.8,87.5952
35.0,MASCULINO,UNIVERSITARY,DEVELOPMENT,3.9,4671.1,17.5,87.85692
29.0,MASCULINO,POST_GRADUATE,ENGINEERING,3.3,4373.1,7.5,83.58232
32.0,MASCULINO,UNIVERSITARY,ENGINEERING,,4248.4,13.6,84.84071
26.0,MASCULINO,UNIVERSITARY,ENGINEERING,3.5,4655.1,4.0,83.41068
34.0,,POST_GRADUATE,MARKETING,,,16.8,94.23495
29.0,MASCULINO,POST_GRADUATE,ENGINEERING,2.9,,10.1,84.0784
36.0,MASCULINO,,,3.6,,18.7,88.28832
29.0,MASCULINO,UNIVERSITARY,DEVELOPMENT,3.8,4641.7,,85.140854
37.0,FEMENINO,UNIVERSITARY,COMMERCIAL,4.0,4656.3,,98.709274
31.0,FEMENINO,POST_GRADUATE,COMMERCIAL,3.9,4755.1,,94.634926
27.0,MASCULINO,UNIVERSITARY,MARKETING,3.6,4653.0,5.2,88.411934
33.0,FEMENINO,UNIVERSITARY,DEVELOPMENT,3.2,,14.7,96.86442
34.0,MASCULINO,POST_GRADUATE,COMMERCIAL,3.5,4552.1,17.1,86.13111
,FEMENINO,UNIVERSITARY,BUSINESS,4.5,5613.0,9.2,97.59981
32.0,FEMENINO,UNIVERSITARY,ENGINEERING,4.4,5268.7,,94.346695
28.0,MASCULINO,UNIVERSITARY,DEVELOPMENT,3.7,4745.4,,84.75598
35.0,MASCULINO,UNIVERSITARY,COMMERCIAL,3.4,4605.7,17.5,87.27016
39.0,MASCULINO,,ENGINEERING,3.2,,24.2,89.833
34.0,MASCULINO,UNIVERSITARY,ENGINEERING,3.7,4714.6,,86.10627
37.0,MASCULINO,TERTIARY,DEVELOPMENT,3.1,4095.4,,91.8459
42.0,MASCULINO,UNIVERSITARY,ENGINEERING,3.0,3904.1,27.4,91.59466
34.0,,UNIVERSITARY,ENGINEERING,3.4,4589.0,18.1,89.41237
38.0,FEMENINO,TERTIARY,COMMERCIAL,3.7,4695.1,22.8,102.27876
41.0,MASCULINO,TERTIARY,DEVELOPMENT,3.9,4592.1,25.5,94.03509
37.0,MASCULINO,UNIVERSITARY,,3.5,4666.3,20.8,88.35675
29.0,FEMENINO,UNIVERSITARY,MARKETING,3.8,4573.8,7.6,98.76249
34.0,,UNIVERSITARY,ENGINEERING,4.2,4838.4,15.3,89.451706
36.0,MASCULINO,,DEVELOPMENT,,,17.9,88.792076
,FEMENINO,UNIVERSITARY,ENGINEERING,,,16.5,95.89295
33.0,FEMENINO,TERTIARY,ENGINEERING,3.4,4456.2,14.4,97.968506
,MASCULINO,UNIVERSITARY,ENGINEERING,3.3,4360.8,15.8,85.36806
36.0,MASCULINO,POST_GRADUATE,ENGINEERING,3.5,4604.9,,86.69007
,FEMENINO,UNIVERSITARY,,,4607.4,26.7,101.19809
,,UNIVERSITARY,DEVELOPMENT,3.2,4206.7,6.7,87.917114
36.0,,UNIVERSITARY,ENGINEERING,2.6,2486.7,19.3,92.605865
31.0,MASCULINO,UNIVERSITARY,ENGINEERING,3.3,4461.6,11.1,84.69028
36.0,MASCULINO,UNIVERSITARY,ENGINEERING,2.9,3532.3,19.7,87.89589
35.0,FEMENINO,UNIVERSITARY,,3.2,,18.8,97.61569
28.0,MASCULINO,POST_GRADUATE,COMMERCIAL,4.0,4716.8,7.3,83.674675
41.0,,UNIVERSITARY,MARKETING,3.9,4772.7,26.4,98.29049
31.0,MASCULINO,UNIVERSITARY,DEVELOPMENT,2.5,2171.1,12.1,88.56659
34.0,,UNIVERSITARY,COMMERCIAL,3.4,4593.6,16.9,90.071556
32.0,MASCULINO,UNIVERSITARY,COMMERCIAL,3.2,4289.9,,85.58408
37.0,MASCULINO,TERTIARY,DEVELOPMENT,3.5,4569.6,20.9,91.50025
36.0,FEMENINO,UNIVERSITARY,ENGINEERING,,3959.4,21.2,97.68371
32.0,MASCULINO,,COMMERCIAL,3.5,4596.6,13.8,85.65865
39.0,,UNIVERSITARY,COMMERCIAL,3.2,4329.4,22.7,93.11417
34.0,FEMENINO,POST_GRADUATE,DEVELOPMENT,3.5,4508.9,15.8,96.60862
32.0,MASCULINO,UNIVERSITARY,ENGINEERING,3.7,4668.6,,84.706535
32.0,MASCULINO,POST_GRADUATE,ENGINEERING,3.0,3914.7,13.4,84.64605
30.0,FEMENINO,TERTIARY,MARKETING,3.3,4546.3,10.1,101.04526
31.0,FEMENINO,,,3.3,4363.4,10.9,95.41667
34.0,MASCULINO,UNIVERSITARY,COMMERCIAL,3.1,4142.0,17.3,87.08885
29.0,FEMENINO,POST_GRADUATE,,3.3,4388.1,7.5,94.642166
,FEMENINO,UNIVERSITARY,DEVELOPMENT,3.8,4681.1,8.1,95.240265
,FEMENINO,UNIVERSITARY,BUSINESS,4.0,4772.2,22.9,103.268036
34.0,MASCULINO,UNIVERSITARY,ENGINEERING,3.6,,15.1,86.15238
39.0,,UNIVERSITARY,DEVELOPMENT,3.6,4691.7,23.6,93.327644
34.0,FEMENINO,TERTIARY,DEVELOPMENT,,4402.2,16.6,99.65854
35.0,MASCULINO,POST_GRADUATE,,3.7,4701.6,18.0,86.852165
35.0,MASCULINO,UNIVERSITARY,COMMERCIAL,3.5,4573.9,17.4,87.27016
29.0,MASCULINO,TERTIARY,,,4583.1,9.4,87.30523
34.0,MASCULINO,TERTIARY,COMMERCIAL,3.1,4098.1,16.3,89.492516
33.0,MASCULINO,UNIVERSITARY,ENGINEERING,,4697.5,15.2,85.287094
38.0,,,DEVELOPMENT,3.3,4481.1,21.5,93.663376
36.0,MASCULINO,UNIVERSITARY,COMMERCIAL,,4703.7,19.4,87.874695
36.0,,POST_GRADUATE,DEVELOPMENT,,4439.4,19.8,91.17575
,MASCULINO,UNIVERSITARY,ENGINEERING,4.1,4758.1,14.4,85.14368
25.0,MASCULINO,POST_GRADUATE,ENGINEERING,3.6,4568.4,3.8,83.02278
39.0,FEMENINO,POST_GRADUATE,DEVELOPMENT,3.5,4534.6,,99.97789
37.0,MASCULINO,UNIVERSITARY,,3.7,4592.9,20.7,88.463104
36.0,FEMENINO,UNIVERSITARY,COMMERCIAL,3.2,4391.3,19.8,98.04512
36.0,,POST_GRADUATE,ENGINEERING,4.0,4737.5,19.9,90.00002
,MASCULINO,,ENGINEERING,4.0,4654.6,,86.39718
27.0,FEMENINO,UNIVERSITARY,ENGINEERING,3.6,4643.6,4.4,93.25436
37.0,MASCULINO,POST_GRADUATE,,3.2,4232.8,20.9,88.085655
27.0,FEMENINO,UNIVERSITARY,MARKETING,3.7,4599.9,6.7,98.03749
26.0,MASCULINO,UNIVERSITARY,COMMERCIAL,,4570.6,,84.366585
,MASCULINO,UNIVERSITARY,ENGINEERING,4.2,4873.1,30.4,91.58215
,MASCULINO,UNIVERSITARY,,4.0,4811.9,,86.761154
41.0,,TERTIARY,ENGINEERING,3.7,,26.9,96.4287
39.0,MASCULINO,,,4.1,4777.7,24.9,90.331055
34.0,MASCULINO,UNIVERSITARY,ENGINEERING,3.1,4166.6,15.6,86.33847
31.0,MASCULINO,UNIVERSITARY,DEVELOPMENT,3.2,4302.9,11.4,85.96727
42.0,FEMENINO,UNIVERSITARY,COMMERCIAL,3.9,4651.7,27.5,101.743774
,FEMENINO,UNIVERSITARY,COMMERCIAL,3.0,3861.9,18.9,98.29552
37.0,MASCULINO,UNIVERSITARY,COMMERCIAL,3.2,4255.0,21.6,89.159546
36.0,FEMENINO,TERTIARY,ENGINEERING,3.2,,19.1,99.80381
32.0,MASCULINO,,DEVELOPMENT,3.5,4648.6,13.0,86.13906
,,UNIVERSITARY,DEVELOPMENT,3.5,4589.9,8.0,88.15681
39.0,MASCULINO,UNIVERSITARY,ENGINEERING,3.6,4681.6,,89.042656
25.0,,,ENGINEERING,3.5,4668.7,3.8,86.65447
34.0,MASCULINO,UNIVERSITARY,ENGINEERING,3.6,4557.8,16.0,86.10627
25.0,MASCULINO,UNIVERSITARY,,4.1,4712.4,3.4,84.27539
32.0,FEMENINO,UNIVERSITARY,,3.7,4554.1,,95.71674
30.0,FEMENINO,POST_GRADUATE,DEVELOPMENT,3.6,4700.3,,94.77042
44.0,MASCULINO,UNIVERSITARY,ENGINEERING,3.8,4699.9,29.3,91.72953
31.0,MASCULINO,UNIVERSITARY,ENGINEERING,3.1,4042.1,12.2,84.967705
35.0,FEMENINO,UNIVERSITARY,ENGINEERING,2.9,3631.3,17.0,97.18803
38.0,FEMENINO,POST_GRADUATE,COMMERCIAL,3.3,4529.3,24.0,99.05389
37.0,MASCULINO,UNIVERSITARY,DEVELOPMENT,3.5,4530.8,21.0,89.03266
30.0,,UNIVERSITARY,BUSINESS,4.3,5066.4,10.9,91.96199
33.0,MASCULINO,,ENGINEERING,3.9,4740.3,14.1,85.62745
40.0,MASCULINO,POST_GRADUATE,ENGINEERING,,,,89.52752
44.0,MASCULINO,UNIVERSITARY,DEVELOPMENT,3.3,4532.5,27.2,92.845665
23.0,FEMENINO,UNIVERSITARY,DEVELOPMENT,3.2,4212.1,2.4,94.94642
29.0,MASCULINO,UNIVERSITARY,ENGINEERING,,4505.5,8.7,83.995
37.0,MASCULINO,UNIVERSITARY,COMMERCIAL,3.7,4631.6,,88.48645
29.0,FEMENINO,POST_GRADUATE,ENGINEERING,3.4,4607.1,7.3,93.65526
32.0,FEMENINO,,,3.2,4200.9,12.5,96.22158
39.0,MASCULINO,POST_GRADUATE,ENGINEERING,3.7,4655.7,,88.72653
34.0,FEMENINO,,COMMERCIAL,3.9,4680.9,17.2,96.82134
39.0,MASCULINO,POST_GRADUATE,ENGINEERING,4.0,4780.2,23.6,88.55237
35.0,MASCULINO,,ENGINEERING,2.8,3253.8,17.7,87.94826
31.0,MASCULINO,UNIVERSITARY,ENGINEERING,3.1,4038.8,,84.967705
36.0,MASCULINO,TERTIARY,COMMERCIAL,2.9,3639.4,19.9,90.59694
44.0,MASCULINO,UNIVERSITARY,,3.1,,28.8,92.83011
45.0,MASCULINO,UNIVERSITARY,MARKETING,3.7,4701.0,,95.99872
25.0,FEMENINO,,ENGINEERING,4.1,4718.2,2.6,93.34316
41.0,MASCULINO,UNIVERSITARY,MARKETING,3.7,4661.2,25.2,94.50403
40.0,MASCULINO,UNIVERSITARY,,2.9,3586.4,25.2,91.337135
44.0,,POST_GRADUATE,MARKETING,3.0,3824.1,28.7,97.29774
,MASCULINO,,ENGINEERING,3.6,4573.8,,86.49693
,FEMENINO,UNIVERSITARY,ENGINEERING,3.6,4545.5,16.6,95.84684
,,UNIVERSITARY,DEVELOPMENT,,4505.0,16.9,91.340576
,FEMENINO,UNIVERSITARY,ENGINEERING,3.2,4347.4,20.7,98.00802
33.0,MASCULINO,UNIVERSITARY,ENGINEERING,,4444.1,16.1,85.36806
43.0,MASCULINO,UNIVERSITARY,COMMERCIAL,2.6,2587.5,27.7,94.483025
34.0,MASCULINO,UNIVERSITARY,,3.5,4605.8,15.4,86.72265
32.0,MASCULINO,UNIVERSITARY,BUSINESS,3.7,4732.1,12.7,88.71051
33.0,MASCULINO,UNIVERSITARY,ENGINEERING,3.8,,15.0,85.287094
40.0,MASCULINO,POST_GRADUATE,DEVELOPMENT,,5598.3,24.3,90.511475
36.0,MASCULINO,POST_GRADUATE,COMMERCIAL,,4468.0,18.3,87.51329
41.0,MASCULINO,UNIVERSITARY,COMMERCIAL,,4474.5,26.0,91.29774
42.0,MASCULINO,POST_GRADUATE,COMMERCIAL,3.0,,26.3,92.04466
25.0,FEMENINO,UNIVERSITARY,,3.1,4018.9,4.4,94.97054
31.0,FEMENINO,,DEVELOPMENT,3.8,4567.7,9.7,95.66198
31.0,MASCULINO,UNIVERSITARY,ENGINEERING,3.0,,10.8,85.10266
41.0,FEMENINO,POST_GRADUATE,ENGINEERING,3.1,4179.2,26.2,100.6222
31.0,,POST_GRADUATE,DEVELOPMENT,3.2,4299.6,12.9,88.40757
,FEMENINO,POST_GRADUATE,MARKETING,3.7,4556.6,7.7,98.64076
35.0,MASCULINO,POST_GRADUATE,DEVELOPMENT,3.6,4728.4,,87.36098
37.0,FEMENINO,UNIVERSITARY,ENGINEERING,3.3,4470.0,20.8,98.00802
40.0,MASCULINO,UNIVERSITARY,COMMERCIAL,2.8,3181.1,25.4,91.47574
30.0,MASCULINO,POST_GRADUATE,ENGINEERING,,4557.7,10.5,83.395004
,MASCULINO,UNIVERSITARY,,3.5,4539.3,18.4,87.32014
33.0,FEMENINO,UNIVERSITARY,ENGINEERING,4.0,4817.3,14.0,95.09448
32.0,MASCULINO,UNIVERSITARY,DEVELOPMENT,,3811.1,,86.56208
46.0,MASCULINO,UNIVERSITARY,COMMERCIAL,,4784.4,29.1,92.41207
,MASCULINO,TERTIARY,COMMERCIAL,3.5,4550.5,14.4,88.6929
30.0,MASCULINO,UNIVERSITARY,ENGINEERING,3.2,4359.3,9.2,84.029854
45.0,MASCULINO,UNIVERSITARY,COMMERCIAL,3.8,4679.5,29.5,92.505104
38.0,FEMENINO,TERTIARY,MARKETING,3.4,4550.7,21.8,106.03914
29.0,FEMENINO,UNIVERSITARY,COMMERCIAL,3.6,,8.5,94.81047
30.0,,UNIVERSITARY,DEVELOPMENT,3.1,4060.0,10.5,88.78776
,MASCULINO,,ENGINEERING,3.5,4669.3,9.9,84.10751
29.0,,,,3.6,4619.4,,88.08144
42.0,FEMENINO,,ENGINEERING,3.1,,27.8,102.25438
27.0,MASCULINO,,BUSINESS,3.5,4698.6,5.5,87.96074
39.0,MASCULINO,,COMMERCIAL,3.1,4144.8,23.6,90.543945
40.0,FEMENINO,UNIVERSITARY,DEVELOPMENT,3.7,4723.2,25.7,100.9847
,MASCULINO,UNIVERSITARY,ENGINEERING,3.6,4612.8,19.4,87.24776
36.0,MASCULINO,UNIVERSITARY,DEVELOPMENT,,4627.3,20.5,88.3551
39.0,FEMENINO,UNIVERSITARY,,3.8,4724.9,23.4,99.80029
,,POST_GRADUATE,DEVELOPMENT,3.5,4524.6,9.9,87.704865
,MASCULINO,UNIVERSITARY,DEVELOPMENT,3.7,4594.2,18.2,87.930244
35.0,FEMENINO,POST_GRADUATE,,,4624.8,17.8,96.70509
34.0,FEMENINO,,,3.5,4580.2,15.8,96.84562
,FEMENINO,UNIVERSITARY,ENGINEERING,,2916.8,11.5,95.998604
,MASCULINO,UNIVERSITARY,DEVELOPMENT,3.3,4535.9,15.1,86.44104
37.0,MASCULINO,UNIVERSITARY,COMMERCIAL,3.6,,20.8,88.55225
37.0,MASCULINO,UNIVERSITARY,DEVELOPMENT,3.5,4543.1,22.5,89.41458
51.0,MASCULINO,TERTIARY,,,4566.1,29.6,94.51676
37.0,FEMENINO,UNIVERSITARY,ENGINEERING,2.9,3642.3,22.5,98.7374
33.0,MASCULINO,POST_GRADUATE,ENGINEERING,3.4,4506.9,,84.84456
31.0,MASCULINO,UNIVERSITARY,,3.7,4632.2,,85.33205
38.0,MASCULINO,,COMMERCIAL,3.7,4715.8,21.2,89.20096
,,UNIVERSITARY,MARKETING,3.3,4358.9,10.2,93.1639
40.0,FEMENINO,POST_GRADUATE,COMMERCIAL,3.3,4423.7,,100.241554
31.0,FEMENINO,UNIVERSITARY,COMMERCIAL,,4528.8,,95.15945
35.0,MASCULINO,POST_GRADUATE,MARKETING,3.1,4049.5,19.2,90.838615
37.0,FEMENINO,TERTIARY,DEVELOPMENT,3.4,4526.0,20.0,102.007515
30.0,FEMENINO,UNIVERSITARY,DEVELOPMENT,3.8,,9.6,95.16214
34.0,MASCULINO,UNIVERSITARY,DEVELOPMENT,3.7,,16.0,87.332756
32.0,FEMENINO,UNIVERSITARY,COMMERCIAL,3.5,4529.9,12.5,95.83671
35.0,MASCULINO,UNIVERSITARY,ENGINEERING,3.1,4061.2,17.1,87.10361
38.0,,UNIVERSITARY,COMMERCIAL,,4459.2,21.2,92.76078
39.0,MASCULINO,UNIVERSITARY,ENGINEERING,3.6,4566.4,25.1,89.18696
33.0,MASCULINO,POST_GRADUATE,COMMERCIAL,,4555.2,16.1,85.35814
38.0,MASCULINO,UNIVERSITARY,ENGINEERING,3.2,4338.7,23.0,88.78463
31.0,MASCULINO,UNIVERSITARY,DEVELOPMENT,3.9,4591.2,10.4,85.968025
38.0,FEMENINO,,BUSINESS,3.7,4581.6,22.7,102.68972
26.0,MASCULINO,TERTIARY,MARKETING,3.3,4353.0,4.3,90.26502
27.0,FEMENINO,UNIVERSITARY,COMMERCIAL,3.8,,,94.19605
29.0,MASCULINO,,,3.5,,7.1,85.108406
,MASCULINO,UNIVERSITARY,COMMERCIAL,4.1,4838.8,27.6,91.67213
40.0,MASCULINO,UNIVERSITARY,,3.3,4497.9,,90.68812
38.0,FEMENINO,TERTIARY,ENGINEERING,4.3,5143.1,22.4,101.29898
41.0,MASCULINO,,COMMERCIAL,,4394.1,26.3,91.63809
30.0,MASCULINO,UNIVERSITARY,ENGINEERING,2.7,,10.9,85.45895
30.0,MASCULINO,UNIVERSITARY,ENGINEERING,3.9,4727.7,9.3,83.94889
38.0,FEMENINO,POST_GRADUATE,ENGINEERING,3.8,4600.6,22.7,98.305855
35.0,,UNIVERSITARY,COMMERCIAL,3.5,4608.3,,90.51597
33.0,FEMENINO,UNIVERSITARY,ENGINEERING,3.0,3943.0,15.5,95.8221
36.0,MASCULINO,POST_GRADUATE,,3.7,4736.6,19.5,87.35715
40.0,MASCULINO,,DEVELOPMENT,3.8,4687.5,25.2,91.42275
27.0,FEMENINO,UNIVERSITARY,MARKETING,2.9,,5.6,98.022026
41.0,MASCULINO,,COMMERCIAL,3.6,4682.5,24.7,91.52862
,FEMENINO,UNIVERSITARY,ENGINEERING,3.5,4661.2,17.8,96.413956
36.0,MASCULINO,,ENGINEERING,3.5,4598.6,,87.34655
39.0,MASCULINO,UNIVERSITARY,COMMERCIAL,,5442.5,22.5,89.59532
44.0,MASCULINO,POST_GRADUATE,DEVELOPMENT,2.8,3198.0,,93.274826
,FEMENINO,POST_GRADUATE,COMMERCIAL,3.6,4695.7,8.0,94.49687
39.0,MASCULINO,UNIVERSITARY,ENGINEERING,3.5,4637.5,23.4,88.9363
32.0,FEMENINO,UNIVERSITARY,DEVELOPMENT,,3528.8,13.7,96.9552
41.0,MASCULINO,,ENGINEERING,3.7,4632.5,25.6,90.74201
37.0,FEMENINO,UNIVERSITARY,COMMERCIAL,3.8,4668.0,21.2,98.746956
41.0,,UNIVERSITARY,ENGINEERING,3.9,,27.6,93.33222
32.0,,,ENGINEERING,2.9,3641.5,14.9,88.9899
35.0,MASCULINO,,ENGINEERING,3.5,,18.5,87.0169
28.0,MASCULINO,UNIVERSITARY,COMMERCIAL,3.6,4647.7,8.5,84.2184
39.0,MASCULINO,UNIVERSITARY,ENGINEERING,,,23.5,89.070915
38.0,MASCULINO,UNIVERSITARY,COMMERCIAL,3.3,4354.2,23.5,89.59728
37.0,MASCULINO,POST_GRADUATE,DEVELOPMENT,2.9,3626.4,22.2,89.79565
38.0,MASCULINO,,,,4248.3,22.4,89.8507
41.0,FEMENINO,UNIVERSITARY,DEVELOPMENT,3.9,4765.1,24.7,101.104195
40.0,FEMENINO,UNIVERSITARY,ENGINEERING,4.2,5025.0,24.8,99.63515
34.0,FEMENINO,UNIVERSITARY,BUSINESS,2.9,3523.7,16.1,99.94826
,MASCULINO,,MARKETING,3.3,,,90.60759
,FEMENINO,UNIVERSITARY,ENGINEERING,3.4,4498.9,14.8,95.29751
,FEMENINO,POST_GRADUATE,DEVELOPMENT,3.3,,,96.68526
,MASCULINO,UNIVERSITARY,COMMERCIAL,3.3,,7.3,84.6043
30.0,,UNIVERSITARY,COMMERCIAL,4.4,5449.5,9.7,86.40623
26.0,FEMENINO,UNIVERSITARY,,3.0,3941.8,,94.97054
29.0,MASCULINO,UNIVERSITARY,COMMERCIAL,,,8.7,84.791916
36.0,MASCULINO,UNIVERSITARY,DEVELOPMENT,3.1,4191.2,,88.65457
29.0,MASCULINO,,DEVELOPMENT,3.0,3909.2,8.5,85.8833
32.0,FEMENINO,,ENGINEERING,3.5,4668.0,,95.29648
,MASCULINO,TERTIARY,COMMERCIAL,3.1,4027.8,24.0,92.96954
37.0,MASCULINO,UNIVERSITARY,BUSINESS,4.5,5612.3,20.5,91.05832
34.0,,POST_GRADUATE,COMMERCIAL,3.5,4639.8,16.6,89.41802
27.0,MASCULINO,TERTIARY,MARKETING,3.7,4662.5,5.7,90.38657
36.0,FEMENINO,,BUSINESS,3.3,4431.4,19.2,101.28234
36.0,MASCULINO,,COMMERCIAL,3.2,4347.4,18.6,88.31167
29.0,FEMENINO,POST_GRADUATE,BUSINESS,3.3,4396.9,8.2,97.780426
35.0,MASCULINO,UNIVERSITARY,ENGINEERING,3.4,,17.7,86.676544
,FEMENINO,TERTIARY,,2.9,,11.1,97.79469
36.0,MASCULINO,POST_GRADUATE,COMMERCIAL,3.4,4533.9,19.5,87.51329
28.0,MASCULINO,TERTIARY,,3.1,,7.4,87.61306
43.0,MASCULINO,UNIVERSITARY,COMMERCIAL,3.6,4673.4,27.9,92.37392
33.0,MASCULINO,UNIVERSITARY,DEVELOPMENT,,4444.6,13.3,86.64505
29.0,MASCULINO,,MARKETING,4.2,,8.9,88.79657
38.0,MASCULINO,UNIVERSITARY,DEVELOPMENT,,4603.8,23.7,90.14323
38.0,MASCULINO,UNIVERSITARY,,3.2,4195.2,24.1,89.771454
42.0,MASCULINO,UNIVERSITARY,ENGINEERING,3.3,4399.1,25.7,90.727554
35.0,MASCULINO,UNIVERSITARY,COMMERCIAL,3.0,3861.2,,87.90019
,MASCULINO,UNIVERSITARY,,,4366.7,18.4,87.52311
38.0,FEMENINO,POST_GRADUATE,COMMERCIAL,3.5,4508.2,21.7,99.040924
27.0,MASCULINO,UNIVERSITARY,DEVELOPMENT,3.8,,5.9,84.84699
36.0,MASCULINO,,ENGINEERING,3.6,4642.5,19.5,87.4529
32.0,FEMENINO,,ENGINEERING,3.3,,13.7,95.45625
35.0,MASCULINO,POST_GRADUATE,DEVELOPMENT,3.6,4686.9,18.3,87.397156
,MASCULINO,UNIVERSITARY,,3.6,,22.7,89.91769
33.0,MASCULINO,UNIVERSITARY,DEVELOPMENT,3.6,,14.1,86.6102
35.0,FEMENINO,TERTIARY,ENGINEERING,,4449.4,18.0,98.86733
33.0,MASCULINO,UNIVERSITARY,,,4642.7,14.6,86.00983
,MASCULINO,POST_GRADUATE,ENGINEERING,,4624.9,13.6,84.751724
38.0,,,DEVELOPMENT,2.5,2219.7,22.9,95.87893
38.0,MASCULINO,UNIVERSITARY,ENGINEERING,2.9,3573.0,23.7,89.712906
35.0,FEMENINO,POST_GRADUATE,ENGINEERING,,5295.5,17.3,95.863945
35.0,MASCULINO,POST_GRADUATE,COMMERCIAL,3.4,4561.7,18.6,86.76916
33.0,FEMENINO,UNIVERSITARY,,4.0,4739.8,14.5,95.88487
34.0,FEMENINO,TERTIARY,ENGINEERING,3.7,4568.6,14.6,98.479294
,MASCULINO,UNIVERSITARY,DEVELOPMENT,3.1,4099.3,23.7,91.17877
31.0,MASCULINO,UNIVERSITARY,DEVELOPMENT,3.1,4121.4,13.0,85.901215
,FEMENINO,UNIVERSITARY,,3.6,4580.0,13.6,95.71674
36.0,MASCULINO,POST_GRADUATE,DEVELOPMENT,3.9,4743.4,19.8,87.907074
41.0,MASCULINO,,DEVELOPMENT,,4720.8,26.7,92.009026
27.0,FEMENINO,TERTIARY,COMMERCIAL,4.0,4702.0,5.6,96.45643
31.0,MASCULINO,UNIVERSITARY,COMMERCIAL,4.1,4848.4,11.7,85.287544
31.0,MASCULINO,POST_GRADUATE,COMMERCIAL,3.6,4671.3,11.2,84.82234
38.0,MASCULINO,,COMMERCIAL,4.1,4836.0,21.8,89.69637
36.0,MASCULINO,UNIVERSITARY,DEVELOPMENT,3.5,4668.6,18.8,88.24875
,,POST_GRADUATE,ENGINEERING,3.5,4549.7,13.7,88.14534
28.0,MASCULINO,,COMMERCIAL,3.2,4332.3,7.2,84.81606
42.0,,UNIVERSITARY,BUSINESS,,4691.8,,98.58695
37.0,MASCULINO,UNIVERSITARY,COMMERCIAL,,4505.8,19.7,88.55225
28.0,FEMENINO,,ENGINEERING,3.7,4731.4,7.2,93.54706
40.0,MASCULINO,POST_GRADUATE,,3.6,4604.6,26.1,90.15133
34.0,MASCULINO,UNIVERSITARY,ENGINEERING,,4734.3,17.4,86.06007
37.0,MASCULINO,POST_GRADUATE,COMMERCIAL,3.5,4698.8,21.7,88.47615
33.0,MASCULINO,POST_GRADUATE,COMMERCIAL,3.8,4589.8,15.7,85.36084
,FEMENINO,POST_GRADUATE,DEVELOPMENT,,4627.2,30.5,102.89381
,MASCULINO,,DEVELOPMENT,4.0,,13.2,86.17757
42.0,MASCULINO,UNIVERSITARY,COMMERCIAL,2.7,2841.3,,93.4899
38.0,,POST_GRADUATE,COMMERCIAL,3.6,4564.9,22.6,92.40939
31.0,FEMENINO,UNIVERSITARY,DEVELOPMENT,3.5,4641.7,13.3,95.34805
,FEMENINO,,ENGINEERING,2.9,3510.9,21.9,99.70274
35.0,MASCULINO,,COMMERCIAL,3.2,4370.4,18.2,87.813484
29.0,MASCULINO,POST_GRADUATE,ENGINEERING,2.8,3313.4,7.3,84.23278
26.0,MASCULINO,UNIVERSITARY,MARKETING,2.9,3501.5,3.7,88.36675
43.0,MASCULINO,UNIVERSITARY,COMMERCIAL,3.6,4624.3,28.0,92.37392
,FEMENINO,UNIVERSITARY,MARKETING,3.2,4389.3,25.5,104.14913
38.0,FEMENINO,POST_GRADUATE,,3.3,4441.5,22.3,99.01758
30.0,MASCULINO,TERTIARY,ENGINEERING,3.1,4089.0,9.1,86.93052
31.0,FEMENINO,TERTIARY,COMMERCIAL,,3763.8,10.5,97.902016
37.0,MASCULINO,UNIVERSITARY,ENGINEERING,3.8,4603.9,19.4,87.724304
40.0,MASCULINO,UNIVERSITARY,ENGINEERING,3.3,,24.4,89.89686
40.0,FEMENINO,UNIVERSITARY,DEVELOPMENT,3.6,4535.2,25.7,101.13636
,MASCULINO,TERTIARY,MARKETING,2.8,3145.5,7.6,90.57586
43.0,MASCULINO,POST_GRADUATE,MARKETING,3.2,4253.4,27.7,94.98014
32.0,MASCULINO,UNIVERSITARY,COMMERCIAL,4.0,4696.2,14.1,85.32976
35.0,FEMENINO,POST_GRADUATE,ENGINEERING,3.7,4734.5,17.2,96.03413
27.0,FEMENINO,,COMMERCIAL,,4536.0,4.9,94.477005
35.0,FEMENINO,UNIVERSITARY,COMMERCIAL,,4613.4,18.4,97.1507
24.0,,,DEVELOPMENT,3.6,4541.4,3.6,87.56201
33.0,MASCULINO,UNIVERSITARY,,,4688.8,15.1,86.00983
37.0,FEMENINO,,,3.2,4325.8,21.0,99.11051
43.0,MASCULINO,POST_GRADUATE,ENGINEERING,3.5,4634.4,29.7,91.22516
31.0,MASCULINO,UNIVERSITARY,,3.3,4405.4,13.1,85.27569
28.0,FEMENINO,TERTIARY,DEVELOPMENT,3.9,4603.7,8.2,96.76788
,MASCULINO,,DEVELOPMENT,,3892.3,14.1,87.360855
30.0,MASCULINO,POST_GRADUATE,COMMERCIAL,3.2,4251.6,,84.38893
34.0,MASCULINO,TERTIARY,DEVELOPMENT,3.1,4105.8,15.9,89.99411
24.0,MASCULINO,UNIVERSITARY,,2.9,3567.6,3.9,84.93977
36.0,MASCULINO,UNIVERSITARY,MARKETING,3.5,4673.4,21.0,91.69538
33.0,MASCULINO,TERTIARY,ENGINEERING,3.0,3957.3,,88.29009
32.0,MASCULINO,UNIVERSITARY,ENGINEERING,3.2,,13.1,85.064926
,MASCULINO,,COMMERCIAL,3.1,4164.1,8.8,85.05804
38.0,,,COMMERCIAL,3.4,4618.9,23.9,93.13955
,,,COMMERCIAL,4.5,5583.9,13.5,88.79088
30.0,,POST_GRADUATE,COMMERCIAL,5.2,9048.8,10.8,88.73912
32.0,,,ENGINEERING,,4630.1,13.9,88.64314
34.0,MASCULINO,UNIVERSITARY,ENGINEERING,3.3,4367.9,,86.18723
33.0,FEMENINO,UNIVERSITARY,ENGINEERING,3.7,4704.6,14.9,95.251396
37.0,MASCULINO,UNIVERSITARY,ENGINEERING,,4731.0,20.7,87.724304
32.0,MASCULINO,POST_GRADUATE,COMMERCIAL,,,12.5,85.06683
44.0,MASCULINO,,ENGINEERING,,,28.0,92.41452
37.0,FEMENINO,UNIVERSITARY,ENGINEERING,4.1,4759.3,20.2,97.87947
29.0,MASCULINO,UNIVERSITARY,MARKETING,4.1,4760.0,7.9,88.53159
38.0,FEMENINO,UNIVERSITARY,DEVELOPMENT,3.4,4548.4,23.3,99.7075
32.0,,UNIVERSITARY,,3.6,4554.7,,88.8819
40.0,,POST_GRADUATE,MARKETING,3.7,,25.1,97.88346
33.0,MASCULINO,UNIVERSITARY,DEVELOPMENT,4.0,4776.3,,86.44573
35.0,MASCULINO,TERTIARY,ENGINEERING,3.9,,18.5,88.782936
37.0,MASCULINO,POST_GRADUATE,ENGINEERING,3.7,4729.6,20.7,87.372
,MASCULINO,UNIVERSITARY,,3.4,4484.8,5.5,84.5839
35.0,MASCULINO,UNIVERSITARY,COMMERCIAL,3.6,4586.0,16.8,87.37651
36.0,MASCULINO,UNIVERSITARY,ENGINEERING,3.6,4629.8,19.7,87.11255
30.0,MASCULINO,,ENGINEERING,4.2,4842.6,10.8,84.01455
37.0,FEMENINO,UNIVERSITARY,,3.8,,19.7,98.72361
39.0,,POST_GRADUATE,DEVELOPMENT,3.7,4725.6,22.6,92.93459
38.0,FEMENINO,TERTIARY,COMMERCIAL,4.5,5611.2,22.0,101.5594
32.0,MASCULINO,POST_GRADUATE,DEVELOPMENT,3.6,4738.2,13.6,85.33287
39.0,MASCULINO,UNIVERSITARY,ENGINEERING,3.3,4503.5,23.4,89.070915
36.0,MASCULINO,UNIVERSITARY,ENGINEERING,3.9,4596.0,20.0,87.11255
32.0,,UNIVERSITARY,DEVELOPMENT,3.5,4624.1,13.6,89.23148
29.0,MASCULINO,UNIVERSITARY,COMMERCIAL,3.3,4379.9,,84.86049
43.0,,UNIVERSITARY,DEVELOPMENT,3.9,,,95.16198
29.0,MASCULINO,UNIVERSITARY,ENGINEERING,3.2,,,84.30728
35.0,MASCULINO,POST_GRADUATE,DEVELOPMENT,3.5,4660.9,19.0,87.2908
37.0,MASCULINO,,ENGINEERING,,4557.3,21.8,88.61874
31.0,MASCULINO,UNIVERSITARY,ENGINEERING,3.2,,,84.967705
39.0,FEMENINO,UNIVERSITARY,ENGINEERING,,4563.3,,98.99898
32.0,FEMENINO,UNIVERSITARY,DEVELOPMENT,4.1,4809.9,13.0,96.010414
43.0,MASCULINO,UNIVERSITARY,ENGINEERING,3.5,4568.0,28.0,91.571556
30.0,MASCULINO,POST_GRADUATE,COMMERCIAL,3.4,4516.6,9.5,84.33931
32.0,FEMENINO,TERTIARY,ENGINEERING,3.9,4729.3,12.4,97.16681
36.0,FEMENINO,UNIVERSITARY,COMMERCIAL,3.8,4607.2,18.7,97.65755
30.0,FEMENINO,,DEVELOPMENT,4.1,4902.7,9.9,95.326515
27.0,FEMENINO,UNIVERSITARY,,3.8,,5.3,94.17271
26.0,MASCULINO,UNIVERSITARY,DEVELOPMENT,3.2,,3.1,85.36493
41.0,MASCULINO,UNIVERSITARY,,4.5,5651.8,25.4,90.89315
34.0,MASCULINO,,ENGINEERING,,4566.6,16.2,86.446625
31.0,,,COMMERCIAL,2.9,3515.3,11.7,88.99491
32.0,MASCULINO,,COMMERCIAL,4.3,5144.1,13.7,85.69716
32.0,,UNIVERSITARY,ENGINEERING,3.6,4549.0,11.6,88.12609
,FEMENINO,UNIVERSITARY,,4.1,4764.0,29.4,102.37993
32.0,FEMENINO,UNIVERSITARY,COMMERCIAL,3.9,4682.5,,95.74009
31.0,MASCULINO,POST_GRADUATE,DEVELOPMENT,3.9,,12.9,85.26657
30.0,MASCULINO,POST_GRADUATE,ENGINEERING,3.6,4559.2,10.7,83.44546
36.0,MASCULINO,TERTIARY,COMMERCIAL,3.5,4640.7,19.4,90.05297
28.0,MASCULINO,UNIVERSITARY,ENGINEERING,3.3,4421.9,8.6,83.48198
32.0,MASCULINO,,ENGINEERING,2.8,3212.6,11.6,85.99373
29.0,,POST_GRADUATE,DEVELOPMENT,2.9,3619.9,8.3,87.84412
32.0,MASCULINO,POST_GRADUATE,ENGINEERING,3.4,4584.6,13.5,84.075005
37.0,FEMENINO,UNIVERSITARY,DEVELOPMENT,4.1,4748.2,20.9,99.06094
38.0,MASCULINO,TERTIARY,ENGINEERING,3.7,,22.6,91.29453
34.0,,,DEVELOPMENT,3.4,4460.0,16.7,91.0014
31.0,MASCULINO,TERTIARY,ENGINEERING,3.3,4499.6,12.6,87.251785
33.0,,UNIVERSITARY,ENGINEERING,3.7,4578.3,14.6,88.77847
,MASCULINO,UNIVERSITARY,BUSINESS,2.8,3256.6,31.6,96.025215
39.0,MASCULINO,POST_GRADUATE,COMMERCIAL,3.6,4613.1,,89.417206
30.0,MASCULINO,UNIVERSITARY,,3.4,4520.9,,84.80229
33.0,,UNIVERSITARY,MARKETING,3.5,4683.8,15.0,93.32111
42.0,MASCULINO,,COMMERCIAL,3.3,4449.8,25.9,91.95115
33.0,FEMENINO,UNIVERSITARY,ENGINEERING,3.7,4569.7,,95.251396
31.0,,TERTIARY,COMMERCIAL,3.9,4681.1,11.6,90.376976
37.0,MASCULINO,TERTIARY,ENGINEERING,3.6,4623.6,20.2,90.32506
36.0,MASCULINO,UNIVERSITARY,,,,20.3,87.94797
31.0,MASCULINO,UNIVERSITARY,COMMERCIAL,4.5,5663.7,11.0,85.110725
27.0,FEMENINO,POST_GRADUATE,DEVELOPMENT,4.1,,5.2,94.038475
28.0,FEMENINO,UNIVERSITARY,COMMERCIAL,3.3,4497.8,6.5,94.736855
,MASCULINO,UNIVERSITARY,COMMERCIAL,3.4,4520.2,4.6,84.60725
33.0,,UNIVERSITARY,COMMERCIAL,3.5,4503.7,13.1,89.53428
40.0,MASCULINO,POST_GRADUATE,,3.1,,23.4,90.52116
34.0,FEMENINO,UNIVERSITARY,COMMERCIAL,2.5,2197.5,16.2,98.787285
34.0,MASCULINO,,,,4665.0,15.9,87.16936
34.0,MASCULINO,UNIVERSITARY,DEVELOPMENT,3.0,3926.1,17.5,87.79347
36.0,MASCULINO,UNIVERSITARY,ENGINEERING,3.4,4633.8,18.7,87.006195
31.0,FEMENINO,UNIVERSITARY,,3.1,4201.4,12.7,95.37115
40.0,FEMENINO,POST_GRADUATE,DEVELOPMENT,3.4,4588.3,24.5,100.61898
,FEMENINO,TERTIARY,ENGINEERING,3.8,4682.3,,98.346306
30.0,FEMENINO,UNIVERSITARY,ENGINEERING,3.4,4477.8,8.9,94.05288
37.0,MASCULINO,POST_GRADUATE,ENGINEERING,,4320.6,22.0,87.977554
40.0,MASCULINO,UNIVERSITARY,COMMERCIAL,2.9,3490.9,25.8,91.44296
34.0,FEMENINO,TERTIARY,ENGINEERING,3.2,,16.9,98.924904
39.0,FEMENINO,POST_GRADUATE,ENGINEERING,3.1,4143.3,22.5,98.96831
29.0,MASCULINO,UNIVERSITARY,COMMERCIAL,3.8,4707.0,7.5,84.660446
28.0,MASCULINO,UNIVERSITARY,ENGINEERING,3.5,,6.9,83.93413
34.0,FEMENINO,,DEVELOPMENT,,,16.7,97.30448
40.0,MASCULINO,POST_GRADUATE,ENGINEERING,3.9,4750.3,26.5,89.34097
28.0,MASCULINO,POST_GRADUATE,DEVELOPMENT,3.8,4644.3,7.3,84.22293
35.0,MASCULINO,,DEVELOPMENT,2.3,1440.0,18.4,93.399345
35.0,,UNIVERSITARY,ENGINEERING,3.8,,18.1,90.15655
38.0,MASCULINO,POST_GRADUATE,COMMERCIAL,3.9,4732.6,22.4,88.82907
33.0,MASCULINO,POST_GRADUATE,ENGINEERING,3.5,4610.3,,84.64537
33.0,FEMENINO,UNIVERSITARY,ENGINEERING,4.3,5019.2,,95.09448
36.0,MASCULINO,TERTIARY,DEVELOPMENT,3.9,,20.1,90.54661
29.0,FEMENINO,TERTIARY,COMMERCIAL,4.2,4985.4,8.2,97.114105
38.0,MASCULINO,UNIVERSITARY,,3.8,4737.9,22.5,89.35686
45.0,FEMENINO,UNIVERSITARY,,3.1,4187.7,29.4,102.95456
37.0,MASCULINO,UNIVERSITARY,COMMERCIAL,3.4,4530.0,21.2,88.55225
34.0,MASCULINO,POST_GRADUATE,DEVELOPMENT,2.9,3658.7,17.7,87.412315
36.0,MASCULINO,,ENGINEERING,2.7,2910.0,19.9,89.57946
24.0,MASCULINO,UNIVERSITARY,ENGINEERING,3.7,4729.4,2.7,83.35427
42.0,MASCULINO,,ENGINEERING,,4607.6,28.4,91.793304
42.0,MASCULINO,POST_GRADUATE,COMMERCIAL,,4682.2,28.2,91.171
29.0,MASCULINO,TERTIARY,DEVELOPMENT,3.4,4631.6,8.6,87.746185
29.0,MASCULINO,POST_GRADUATE,COMMERCIAL,3.0,,,84.613144
32.0,MASCULINO,,,3.9,4654.1,13.1,85.74166
37.0,FEMENINO,,DEVELOPMENT,,4577.2,20.7,99.41972
47.0,MASCULINO,UNIVERSITARY,ENGINEERING,3.8,4593.2,29.6,92.02204
,FEMENINO,UNIVERSITARY,ENGINEERING,,4606.9,26.1,100.365326
43.0,MASCULINO,UNIVERSITARY,DEVELOPMENT,3.4,4507.0,29.6,92.97245
33.0,MASCULINO,,ENGINEERING,4.1,4747.9,15.6,85.48403
34.0,MASCULINO,POST_GRADUATE,ENGINEERING,2.8,3244.9,17.4,86.4112
36.0,MASCULINO,TERTIARY,ENGINEERING,3.5,4685.3,20.0,88.928345
25.0,MASCULINO,POST_GRADUATE,ENGINEERING,4.0,4622.9,3.4,82.879364
28.0,MASCULINO,POST_GRADUATE,COMMERCIAL,2.9,3557.7,7.7,84.35603
42.0,MASCULINO,UNIVERSITARY,MARKETING,4.4,5386.5,,93.921585
30.0,MASCULINO,POST_GRADUATE,ENGINEERING,3.3,4411.9,9.7,83.58232
31.0,MASCULINO,POST_GRADUATE,COMMERCIAL,,,,85.000534
31.0,FEMENINO,TERTIARY,ENGINEERING,,4832.8,12.0,96.406815
34.0,FEMENINO,POST_GRADUATE,BUSINESS,3.6,4683.6,15.7,98.88828
41.0,MASCULINO,UNIVERSITARY,COMMERCIAL,3.4,4533.0,26.8,91.29774
32.0,MASCULINO,POST_GRADUATE,MARKETING,4.2,4919.3,13.0,88.508316
35.0,MASCULINO,UNIVERSITARY,ENGINEERING,3.7,4582.9,17.7,86.63043
38.0,MASCULINO,TERTIARY,ENGINEERING,3.3,4419.8,22.7,91.41367
32.0,FEMENINO,UNIVERSITARY,BUSINESS,3.1,4040.1,13.5,98.899666
32.0,FEMENINO,UNIVERSITARY,DEVELOPMENT,3.6,4723.9,13.8,96.09176
41.0,MASCULINO,UNIVERSITARY,DEVELOPMENT,3.7,4669.9,26.6,91.69938
39.0,MASCULINO,TERTIARY,DEVELOPMENT,3.6,4620.8,24.5,93.03438
32.0,MASCULINO,UNIVERSITARY,ENGINEERING,3.2,4262.6,12.7,84.84071
,MASCULINO,,ENGINEERING,3.5,4579.3,10.2,84.10751
31.0,MASCULINO,UNIVERSITARY,DEVELOPMENT,3.7,4643.4,11.9,85.8358
31.0,FEMENINO,UNIVERSITARY,ENGINEERING,3.1,4182.2,11.0,94.485855
43.0,MASCULINO,UNIVERSITARY,DEVELOPMENT,,4713.6,28.2,92.64244
,MASCULINO,,ENGINEERING,,4009.8,22.9,89.675735
,MASCULINO,POST_GRADUATE,DEVELOPMENT,3.3,4538.6,25.8,91.07008
26.0,,,BUSINESS,3.4,4436.7,,91.29761
36.0,FEMENINO,UNIVERSITARY,COMMERCIAL,3.4,,,97.754166
35.0,MASCULINO,,DEVELOPMENT,3.9,4682.8,18.9,88.19727
32.0,,POST_GRADUATE,COMMERCIAL,3.2,4393.7,,88.48133
46.0,FEMENINO,UNIVERSITARY,COMMERCIAL,4.0,,30.0,102.33695
32.0,FEMENINO,POST_GRADUATE,COMMERCIAL,,4682.6,13.0,95.317444
32.0,FEMENINO,POST_GRADUATE,BUSINESS,3.5,4654.9,12.7,98.09354
31.0,MASCULINO,UNIVERSITARY,ENGINEERING,3.5,,11.8,84.69028
36.0,,TERTIARY,ENGINEERING,4.0,4640.9,18.3,92.65716
29.0,MASCULINO,UNIVERSITARY,,3.9,4690.6,9.8,84.6371
31.0,FEMENINO,,DEVELOPMENT,4.0,,10.2,95.580635
26.0,MASCULINO,UNIVERSITARY,DEVELOPMENT,3.2,4335.1,4.1,85.122505
31.0,MASCULINO,UNIVERSITARY,COMMERCIAL,3.8,4602.7,,85.35539
24.0,FEMENINO,UNIVERSITARY,DEVELOPMENT,3.2,,3.1,95.30202
41.0,MASCULINO,UNIVERSITARY,ENGINEERING,4.2,5012.3,27.9,90.46208
26.0,MASCULINO,UNIVERSITARY,DEVELOPMENT,3.2,,5.8,85.36493
34.0,FEMENINO,POST_GRADUATE,DEVELOPMENT,4.3,5091.6,16.5,96.24462
36.0,MASCULINO,UNIVERSITARY,COMMERCIAL,3.6,4532.2,19.8,87.97131
41.0,MASCULINO,TERTIARY,BUSINESS,,4540.8,27.3,97.03836
40.0,MASCULINO,POST_GRADUATE,COMMERCIAL,,4357.6,25.6,90.25344
37.0,MASCULINO,UNIVERSITARY,DEVELOPMENT,3.5,4548.0,20.6,88.860504
34.0,MASCULINO,,COMMERCIAL,,4775.8,16.5,87.1465
34.0,MASCULINO,UNIVERSITARY,ENGINEERING,4.3,5096.7,16.6,85.91665
33.0,MASCULINO,UNIVERSITARY,ENGINEERING,3.8,4713.6,14.0,85.287094
32.0,FEMENINO,POST_GRADUATE,DEVELOPMENT,2.8,3324.0,13.9,96.615425
27.0,MASCULINO,UNIVERSITARY,COMMERCIAL,3.6,4664.9,5.8,84.366585
34.0,MASCULINO,POST_GRADUATE,DEVELOPMENT,4.0,,14.9,86.59763
,FEMENINO,UNIVERSITARY,ENGINEERING,,4402.9,19.3,96.949425
32.0,MASCULINO,,,3.6,4670.6,13.1,85.74166
37.0,MASCULINO,UNIVERSITARY,COMMERCIAL,,4421.6,21.0,88.55225
,MASCULINO,UNIVERSITARY,COMMERCIAL,3.8,4603.7,15.4,86.03317
,MASCULINO,POST_GRADUATE,ENGINEERING,3.5,4666.7,13.0,84.075005
36.0,FEMENINO,TERTIARY,ENGINEERING,,5669.2,,99.00384
,MASCULINO,UNIVERSITARY,,3.7,4711.9,8.3,84.51646
39.0,FEMENINO,POST_GRADUATE,ENGINEERING,3.5,4517.1,22.5,98.776886
27.0,MASCULINO,UNIVERSITARY,MARKETING,,4495.0,6.7,88.31067
,MASCULINO,UNIVERSITARY,ENGINEERING,3.7,4660.1,13.8,85.287094
39.0,FEMENINO,UNIVERSITARY,,3.8,4590.3,24.1,99.80029
32.0,MASCULINO,TERTIARY,COMMERCIAL,,,12.7,88.27987
31.0,MASCULINO,UNIVERSITARY,,3.4,,11.4,85.46352
35.0,MASCULINO,,DEVELOPMENT,3.1,4050.4,16.3,88.720955
32.0,MASCULINO,UNIVERSITARY,MARKETING,,,12.4,89.12841
31.0,MASCULINO,TERTIARY,DEVELOPMENT,3.9,,11.8,88.35432
34.0,FEMENINO,UNIVERSITARY,,,4696.6,17.4,96.4769
,MASCULINO,UNIVERSITARY,ENGINEERING,3.8,4720.1,27.6,91.04793
25.0,MASCULINO,UNIVERSITARY,ENGINEERING,3.1,4055.0,4.5,83.84005
,MASCULINO,UNIVERSITARY,MARKETING,,5306.9,24.5,93.92053
34.0,MASCULINO,POST_GRADUATE,,3.5,4533.7,16.5,86.31074
,FEMENINO,,COMMERCIAL,,4700.1,11.9,95.30855
36.0,FEMENINO,UNIVERSITARY,ENGINEERING,3.5,4588.2,18.7,96.90473
39.0,FEMENINO,UNIVERSITARY,MARKETING,,4572.5,25.2,103.59825
40.0,FEMENINO,POST_GRADUATE,MARKETING,3.4,4539.2,25.1,103.799904
25.0,FEMENINO,POST_GRADUATE,ENGINEERING,3.4,4575.8,3.3,92.90285
38.0,MASCULINO,UNIVERSITARY,DEVELOPMENT,3.5,4607.8,24.0,90.03687
33.0,FEMENINO,POST_GRADUATE,DEVELOPMENT,,4636.6,14.1,95.908394
35.0,MASCULINO,UNIVERSITARY,ENGINEERING,2.8,3234.9,17.0,87.6079
37.0,MASCULINO,UNIVERSITARY,DEVELOPMENT,,4601.2,21.1,88.96686
31.0,MASCULINO,UNIVERSITARY,ENGINEERING,3.5,4692.2,11.0,84.50296
37.0,,POST_GRADUATE,COMMERCIAL,,,21.0,91.05084
39.0,MASCULINO,UNIVERSITARY,COMMERCIAL,3.0,3923.0,24.6,90.572105
33.0,MASCULINO,UNIVERSITARY,ENGINEERING,3.7,4729.4,13.8,85.287094
35.0,MASCULINO,POST_GRADUATE,ENGINEERING,3.2,4291.8,18.5,86.3023
41.0,MASCULINO,POST_GRADUATE,ENGINEERING,4.2,4883.7,27.0,89.88066
31.0,,POST_GRADUATE,,3.9,4598.9,11.7,87.747894
36.0,MASCULINO,UNIVERSITARY,ENGINEERING,3.7,4647.5,20.1,87.11255
28.0,MASCULINO,UNIVERSITARY,ENGINEERING,3.5,4691.9,7.3,83.457664
31.0,MASCULINO,,ENGINEERING,3.1,,12.5,85.23268
45.0,FEMENINO,POST_GRADUATE,ENGINEERING,3.4,4481.1,30.2,101.8995
35.0,MASCULINO,TERTIARY,BUSINESS,3.6,4618.3,,92.9838
38.0,,UNIVERSITARY,DEVELOPMENT,3.4,4641.5,21.3,93.03331
30.0,MASCULINO,TERTIARY,DEVELOPMENT,3.9,4689.1,10.0,87.659996
29.0,FEMENINO,TERTIARY,COMMERCIAL,3.9,,,97.114105
,FEMENINO,UNIVERSITARY,,3.5,,15.9,96.65457
36.0,FEMENINO,UNIVERSITARY,DEVELOPMENT,,4754.0,21.2,98.30017
41.0,FEMENINO,UNIVERSITARY,,3.6,4707.1,27.2,101.1252
31.0,MASCULINO,UNIVERSITARY,,2.6,2599.7,10.2,87.72218
28.0,,,ENGINEERING,4.0,4673.6,5.9,86.90989
34.0,,UNIVERSITARY,COMMERCIAL,4.1,4802.2,15.4,90.30173
38.0,MASCULINO,UNIVERSITARY,COMMERCIAL,3.1,4070.3,21.8,89.90754
,,UNIVERSITARY,MARKETING,3.7,4583.8,16.9,95.99708
,FEMENINO,TERTIARY,ENGINEERING,4.1,4857.2,19.1,99.34559
20.0,MASCULINO,POST_GRADUATE,ENGINEERING,,,1.0,82.84215
47.0,FEMENINO,UNIVERSITARY,COMMERCIAL,3.3,4457.4,29.7,102.87014
38.0,FEMENINO,TERTIARY,DEVELOPMENT,3.8,4595.2,,102.7384
35.0,,TERTIARY,DEVELOPMENT,3.3,,,93.73886
30.0,FEMENINO,POST_GRADUATE,ENGINEERING,3.6,4696.6,10.3,93.65384
41.0,MASCULINO,POST_GRADUATE,,3.6,4544.5,27.3,90.7376
26.0,MASCULINO,UNIVERSITARY,,2.9,3667.4,4.2,84.983315
36.0,MASCULINO,,BUSINESS,3.9,4648.3,18.2,91.65815
25.0,MASCULINO,UNIVERSITARY,ENGINEERING,3.2,,3.6,83.84005
36.0,MASCULINO,UNIVERSITARY,,3.3,4499.1,,87.94797
29.0,MASCULINO,UNIVERSITARY,ENGINEERING,3.4,4508.0,,83.995
42.0,MASCULINO,UNIVERSITARY,DEVELOPMENT,3.6,4734.2,25.9,91.90625
,MASCULINO,UNIVERSITARY,ENGINEERING,3.2,4386.4,10.7,83.97395
33.0,FEMENINO,UNIVERSITARY,COMMERCIAL,,,,96.12103
38.0,MASCULINO,TERTIARY,MARKETING,3.4,4569.3,22.7,95.853485
37.0,MASCULINO,UNIVERSITARY,ENGINEERING,4.0,4718.1,22.3,88.17863
,,UNIVERSITARY,COMMERCIAL,3.2,4296.7,19.4,91.393906
32.0,,UNIVERSITARY,,3.3,4409.8,13.3,89.01337
,FEMENINO,POST_GRADUATE,COMMERCIAL,,5129.3,16.3,95.98014
41.0,FEMENINO,UNIVERSITARY,DEVELOPMENT,3.4,4543.8,25.7,101.37682
36.0,MASCULINO,UNIVERSITARY,,4.1,4717.0,20.4,87.82716
34.0,MASCULINO,UNIVERSITARY,,,4738.6,15.4,86.829
36.0,FEMENINO,UNIVERSITARY,DEVELOPMENT,3.3,4500.5,20.5,98.39679
39.0,MASCULINO,TERTIARY,DEVELOPMENT,3.6,4567.6,24.2,93.03438
27.0,MASCULINO,POST_GRADUATE,COMMERCIAL,3.8,4598.4,6.6,83.833534
40.0,MASCULINO,TERTIARY,COMMERCIAL,3.7,4687.9,25.2,92.96127
38.0,,TERTIARY,ENGINEERING,,4363.3,22.3,95.57202
30.0,FEMENINO,UNIVERSITARY,DEVELOPMENT,4.2,,,95.260666
33.0,MASCULINO,UNIVERSITARY,,,4687.7,15.5,86.00983
31.0,MASCULINO,POST_GRADUATE,DEVELOPMENT,3.4,4468.4,11.9,85.44609
35.0,FEMENINO,UNIVERSITARY,DEVELOPMENT,,3903.5,17.9,98.1165
33.0,,POST_GRADUATE,COMMERCIAL,4.0,4689.1,15.0,88.726776
34.0,MASCULINO,POST_GRADUATE,DEVELOPMENT,3.3,4367.4,14.7,86.93678
39.0,,UNIVERSITARY,ENGINEERING,,,22.7,92.31798
40.0,,TERTIARY,,3.5,4667.7,25.8,97.04847
,MASCULINO,UNIVERSITARY,BUSINESS,3.1,,16.9,90.89754
28.0,MASCULINO,,COMMERCIAL,3.9,4723.7,7.3,84.54055
,,UNIVERSITARY,ENGINEERING,4.4,5446.7,,87.985565
32.0,MASCULINO,UNIVERSITARY,DEVELOPMENT,3.3,4363.6,14.7,86.00948
32.0,MASCULINO,UNIVERSITARY,DEVELOPMENT,3.6,4651.7,,85.93302
43.0,MASCULINO,UNIVERSITARY,ENGINEERING,3.3,4528.1,27.7,91.62781
41.0,MASCULINO,POST_GRADUATE,MARKETING,3.4,4529.1,26.0,94.099976
34.0,MASCULINO,UNIVERSITARY,ENGINEERING,3.2,,,86.46466
33.0,FEMENINO,POST_GRADUATE,COMMERCIAL,3.5,4534.1,,95.65883
38.0,FEMENINO,TERTIARY,COMMERCIAL,,,23.3,102.54258
35.0,MASCULINO,UNIVERSITARY,ENGINEERING,,,16.3,86.676544
38.0,MASCULINO,,MARKETING,3.8,4694.0,24.2,93.751015
38.0,MASCULINO,POST_GRADUATE,ENGINEERING,3.3,4481.7,22.0,88.3517
36.0,MASCULINO,UNIVERSITARY,,,4677.4,20.9,87.85135
31.0,MASCULINO,UNIVERSITARY,DEVELOPMENT,3.8,,12.2,85.8358
31.0,,,COMMERCIAL,3.2,4278.2,11.2,88.8056
42.0,MASCULINO,UNIVERSITARY,,3.7,4543.0,28.1,91.7324
32.0,MASCULINO,UNIVERSITARY,,3.6,4662.8,14.1,85.37426
38.0,MASCULINO,UNIVERSITARY,,,4713.1,23.6,89.49517
,MASCULINO,TERTIARY,ENGINEERING,,5432.3,26.5,92.04629
,FEMENINO,,ENGINEERING,,2470.5,,98.832306
,FEMENINO,UNIVERSITARY,ENGINEERING,,4176.8,30.1,102.18308
35.0,MASCULINO,TERTIARY,COMMERCIAL,3.3,4495.9,17.5,89.75775
,FEMENINO,UNIVERSITARY,COMMERCIAL,3.5,4579.1,9.1,94.81189
37.0,MASCULINO,POST_GRADUATE,ENGINEERING,3.7,4663.6,21.0,87.40818
,FEMENINO,UNIVERSITARY,DEVELOPMENT,3.4,4546.7,17.4,97.50379
30.0,FEMENINO,UNIVERSITARY,COMMERCIAL,3.8,4654.1,,94.99034
28.0,,UNIVERSITARY,ENGINEERING,3.7,,6.4,86.30965
,MASCULINO,UNIVERSITARY,COMMERCIAL,3.6,4565.1,19.1,88.0099
42.0,MASCULINO,POST_GRADUATE,DEVELOPMENT,3.6,4568.1,26.0,91.70477
27.0,MASCULINO,TERTIARY,COMMERCIAL,3.3,4395.6,6.3,87.39602
25.0,FEMENINO,TERTIARY,,3.7,4705.2,,96.43308
30.0,,TERTIARY,ENGINEERING,4.0,4729.1,9.7,88.74368
38.0,FEMENINO,TERTIARY,ENGINEERING,3.7,,21.7,101.593506
27.0,,UNIVERSITARY,COMMERCIAL,2.9,,,88.20442
,FEMENINO,UNIVERSITARY,DEVELOPMENT,,4825.5,23.0,100.14084
36.0,FEMENINO,UNIVERSITARY,DEVELOPMENT,4.1,,20.0,98.26249
24.0,FEMENINO,,ENGINEERING,3.5,4525.0,0.6,93.80731
31.0,,UNIVERSITARY,ENGINEERING,,,,87.7507
27.0,MASCULINO,UNIVERSITARY,BUSINESS,3.1,4023.6,5.6,87.97813
31.0,MASCULINO,UNIVERSITARY,ENGINEERING,3.2,4198.5,,84.74349
38.0,FEMENINO,UNIVERSITARY,ENGINEERING,3.9,4770.4,,98.565704
39.0,FEMENINO,UNIVERSITARY,ENGINEERING,3.4,4495.3,22.4,99.014275
36.0,MASCULINO,TERTIARY,COMMERCIAL,3.4,4525.4,18.2,90.25594
,MASCULINO,UNIVERSITARY,COMMERCIAL,3.9,4613.9,8.2,84.5398
31.0,MASCULINO,UNIVERSITARY,ENGINEERING,3.6,,10.5,84.78765
39.0,MASCULINO,UNIVERSITARY,ENGINEERING,2.7,,,90.7738
36.0,MASCULINO,POST_GRADUATE,DEVELOPMENT,3.5,4529.0,19.3,88.0968
38.0,MASCULINO,,DEVELOPMENT,4.0,,22.3,90.17678
32.0,MASCULINO,UNIVERSITARY,COMMERCIAL,3.4,,11.5,85.58408
38.0,,,COMMERCIAL,,4504.8,21.6,93.31171
41.0,FEMENINO,POST_GRADUATE,ENGINEERING,3.3,4396.9,25.2,99.91127
,MASCULINO,TERTIARY,ENGINEERING,4.1,,8.6,86.40933
35.0,MASCULINO,TERTIARY,ENGINEERING,,4281.0,16.6,89.07834
37.0,MASCULINO,,COMMERCIAL,3.2,,21.4,89.72411
35.0,FEMENINO,UNIVERSITARY,DEVELOPMENT,4.1,4862.5,18.4,97.46469
36.0,MASCULINO,POST_GRADUATE,ENGINEERING,3.9,4666.2,19.4,86.739494
36.0,MASCULINO,UNIVERSITARY,DEVELOPMENT,3.7,,19.6,88.3551
41.0,MASCULINO,,DEVELOPMENT,3.5,4616.9,27.2,91.93338
41.0,FEMENINO,,,,5096.0,26.4,101.427315
38.0,,POST_GRADUATE,ENGINEERING,3.8,4603.7,21.2,91.53615
34.0,MASCULINO,UNIVERSITARY,ENGINEERING,3.8,4750.2,15.5,86.10627
,,POST_GRADUATE,,,4663.5,,89.54723
42.0,FEMENINO,UNIVERSITARY,ENGINEERING,3.8,,28.4,100.897804
26.0,MASCULINO,,,3.6,4554.2,5.1,84.608215
40.0,MASCULINO,UNIVERSITARY,DEVELOPMENT,,4435.3,24.0,91.19187
35.0,FEMENINO,UNIVERSITARY,ENGINEERING,3.1,4101.9,,97.0
37.0,,UNIVERSITARY,,2.7,,20.6,92.45932
40.0,MASCULINO,UNIVERSITARY,COMMERCIAL,4.2,,25.0,90.596504
45.0,,POST_GRADUATE,DEVELOPMENT,4.2,4888.6,,95.09652
29.0,MASCULINO,UNIVERSITARY,ENGINEERING,3.4,4519.1,7.3,83.995
29.0,FEMENINO,,,3.0,3804.6,7.7,95.6246
38.0,MASCULINO,TERTIARY,DEVELOPMENT,3.4,4494.2,21.0,92.04656
,MASCULINO,UNIVERSITARY,ENGINEERING,3.3,4462.5,11.4,83.9391
36.0,MASCULINO,UNIVERSITARY,DEVELOPMENT,3.1,4077.1,,88.878784
,FEMENINO,UNIVERSITARY,ENGINEERING,3.2,4253.6,26.0,100.473816
36.0,MASCULINO,TERTIARY,COMMERCIAL,,4535.4,18.7,90.25594
,FEMENINO,,ENGINEERING,3.8,4729.2,18.5,97.22441
31.0,MASCULINO,POST_GRADUATE,ENGINEERING,3.3,4416.7,12.5,84.242744
27.0,MASCULINO,,ENGINEERING,4.0,4712.9,5.9,83.638596
29.0,,,ENGINEERING,3.1,,8.0,87.95732
35.0,FEMENINO,UNIVERSITARY,COMMERCIAL,3.5,4563.3,17.3,97.15212
37.0,MASCULINO,UNIVERSITARY,DEVELOPMENT,3.5,4529.9,20.8,89.03266
41.0,,UNIVERSITARY,DEVELOPMENT,3.6,,25.3,94.54455
30.0,MASCULINO,UNIVERSITARY,ENGINEERING,3.6,,9.4,83.995
36.0,FEMENINO,POST_GRADUATE,DEVELOPMENT,4.0,4696.3,20.0,97.929375
34.0,FEMENINO,POST_GRADUATE,ENGINEERING,3.6,4657.4,17.2,95.368034
34.0,MASCULINO,UNIVERSITARY,COMMERCIAL,,4791.0,15.2,86.85235
31.0,FEMENINO,UNIVERSITARY,COMMERCIAL,3.0,3951.4,,95.58601
42.0,FEMENINO,POST_GRADUATE,DEVELOPMENT,3.8,4596.5,27.7,101.795906
35.0,MASCULINO,UNIVERSITARY,ENGINEERING,3.5,4634.1,19.6,86.52408
,MASCULINO,UNIVERSITARY,ENGINEERING,3.7,4564.3,16.9,86.9004
,MASCULINO,POST_GRADUATE,COMMERCIAL,3.2,4381.9,26.1,90.839714
38.0,MASCULINO,UNIVERSITARY,DEVELOPMENT,3.7,4698.2,21.5,89.89508
38.0,,TERTIARY,MARKETING,3.4,4460.7,21.0,98.52379
36.0,MASCULINO,UNIVERSITARY,ENGINEERING,3.7,4577.5,,87.11255
,MASCULINO,UNIVERSITARY,,4.0,,8.9,84.44861
36.0,MASCULINO,UNIVERSITARY,ENGINEERING,3.6,4687.7,19.7,87.11255
34.0,MASCULINO,UNIVERSITARY,ENGINEERING,3.7,4652.9,15.5,86.10627
32.0,FEMENINO,UNIVERSITARY,COMMERCIAL,,5060.6,12.6,95.69643
27.0,MASCULINO,,COMMERCIAL,3.4,4630.2,,84.59378
24.0,MASCULINO,POST_GRADUATE,BUSINESS,3.0,3965.1,1.7,87.44861
38.0,MASCULINO,TERTIARY,ENGINEERING,,4774.4,21.0,90.596634
27.0,,UNIVERSITARY,ENGINEERING,3.6,4603.7,5.5,86.29549
29.0,MASCULINO,UNIVERSITARY,DEVELOPMENT,2.9,3628.5,7.7,85.769104
34.0,MASCULINO,TERTIARY,,3.5,,17.6,89.214355
37.0,MASCULINO,TERTIARY,DEVELOPMENT,2.9,3522.0,21.7,92.65545
,,UNIVERSITARY,ENGINEERING,3.4,4612.2,26.8,93.20495
33.0,,UNIVERSITARY,,3.3,4352.6,14.3,89.545784
34.0,MASCULINO,UNIVERSITARY,DEVELOPMENT,3.4,4625.7,16.0,87.2264
32.0,,TERTIARY,ENGINEERING,4.0,4788.4,13.0,90.47358
29.0,FEMENINO,UNIVERSITARY,DEVELOPMENT,,4387.7,9.3,95.29361
33.0,,TERTIARY,,3.4,4547.7,13.9,92.14386
28.0,MASCULINO,UNIVERSITARY,COMMERCIAL,3.6,,6.2,84.66171
42.0,FEMENINO,TERTIARY,BUSINESS,3.6,,27.9,107.39139
40.0,MASCULINO,UNIVERSITARY,ENGINEERING,3.5,4513.7,25.9,89.84364
38.0,,UNIVERSITARY,,3.1,4054.5,22.2,92.67273
34.0,,UNIVERSITARY,DEVELOPMENT,3.0,3913.7,16.2,91.845894
34.0,FEMENINO,POST_GRADUATE,,3.4,4638.5,16.5,96.00424
34.0,,UNIVERSITARY,DEVELOPMENT,2.8,3221.1,16.5,91.16448
32.0,MASCULINO,TERTIARY,BUSINESS,,5636.2,13.8,91.4729
29.0,MASCULINO,UNIVERSITARY,DEVELOPMENT,,3885.7,10.0,85.618324
34.0,MASCULINO,UNIVERSITARY,,4.2,4871.6,14.5,86.761154
,MASCULINO,UNIVERSITARY,COMMERCIAL,3.8,4678.4,22.0,89.41467
33.0,FEMENINO,TERTIARY,DEVELOPMENT,4.0,4740.9,15.4,98.9741
25.0,,TERTIARY,,3.5,4661.4,1.7,90.03786
29.0,FEMENINO,POST_GRADUATE,COMMERCIAL,3.2,4222.8,9.6,94.7073
,MASCULINO,UNIVERSITARY,DEVELOPMENT,4.1,,,87.26491
30.0,,POST_GRADUATE,ENGINEERING,,4641.2,9.1,86.68276
29.0,FEMENINO,,COMMERCIAL,3.7,4701.3,8.5,95.05619
31.0,MASCULINO,UNIVERSITARY,DEVELOPMENT,2.9,3490.8,12.1,86.54795
37.0,MASCULINO,UNIVERSITARY,ENGINEERING,3.4,,21.3,87.905014
27.0,MASCULINO,POST_GRADUATE,ENGINEERING,2.5,2176.6,5.4,86.78705
29.0,FEMENINO,POST_GRADUATE,ENGINEERING,4.2,4915.4,8.7,93.46075
26.0,MASCULINO,UNIVERSITARY,DEVELOPMENT,2.9,3626.3,5.7,85.48707
33.0,,,ENGINEERING,3.2,4391.4,14.9,89.19979
34.0,,TERTIARY,ENGINEERING,3.1,,15.3,92.701126
28.0,MASCULINO,UNIVERSITARY,DEVELOPMENT,,4574.1,6.4,85.0455
34.0,FEMENINO,POST_GRADUATE,BUSINESS,3.6,4526.5,,98.834114
33.0,MASCULINO,UNIVERSITARY,COMMERCIAL,3.6,4576.5,15.1,86.03317
40.0,MASCULINO,TERTIARY,COMMERCIAL,3.4,4542.9,26.1,93.06166
,FEMENINO,UNIVERSITARY,ENGINEERING,3.4,,27.4,101.26507
,MASCULINO,UNIVERSITARY,ENGINEERING,3.7,4730.4,1.1,83.35427
36.0,,UNIVERSITARY,,3.3,4506.5,20.4,91.19379
